"STAR_NUMBER";"star_name";"Distance";"Temperature";"mass";"Radius";"RELATIVE LUMINOSITY";"STELLAR CLASS"
3062;"Tansalir";1633.759;5434;1;1.1;1.44;"G:4:V"
1182;"Illyria";473.967;5796;1;0.98;0.89;"G:2:V"
2003;"Peacock";229.088;2456;0.4;0.53;0.02;"M:5:V"
2655;"Vandalia";482.258;3846;0.5;0.72;0.44;"K:6:V"
2321;"Shitara";96.549;3046;0.4;0.13;0.06;"M:2:V"
970;"Glitnir";647.221;2484;0.2;0.11;0.02;"M:7:V"
358;"Bogrib";336.049;2526;0.3;NA;0.08;"M:8:V"
2987;"Danzig";1064.164;2477;0.1;0.27;0.08;"M:5:V"
676;"Dehgolan";199.071;3465;0.4;0.64;0.05;"M:0:V"
383;"Brasha";478.082;2919;0.4;0.38;0.02;"M:5:V"
1706;"Millungera";291.661;2414;0.1;0.62;0.06;"M:8:V"
2802;"Yorii";22.621;2798;0.1;0.48;0.07;"M:0:V"
3043;"Waystation 531";1540.049;3377;0.3;0.63;0.03;"M:2:V"
14;"Acala";182.916;5394;0.9;0.98;0.99;"G:5:V"
139;"Anjin Muerto";591.69;2469;0.3;NA;0.08;"M:1:V"
2042;"Pobeda";309.392;2915;0.1;0.25;0.05;"M:2:V"
2374;"Son Hoa";422.626;3506;0.3;0.32;0.07;"M:1:V"
77;"Alktral";766.482;2672;0.3;0.66;0.08;"M:2:V"
2624;"Ulysses";413.701;5315;0.8;1.11;0.7;"G:4:V"
1311;"Kautokeino";394.552;3061;0.4;NA;0.06;"M:2:V"
1737;"Mohács";323.03;4410;0.5;0.75;0.13;"K:0:V"
2706;"Vulcan";327.355;5341;0.9;1.03;1.07;"G:5:V"
2724;"Wasat";58.11;2866;0.2;0.49;0.05;"M:4:V"
2223;"Samantha";430.124;NA;0.3;0.09;0.04;"M:7:V"
3026;"Nouveaux Paris";853.745;5350;0.9;1.06;1.42;"G:5:V"
670;"Ddraig";766.04;2818;0.3;0.29;0.07;"M:2:V"
86;"Alorton";363.924;2485;0.3;0.55;0.03;"M:7:V"
1822;"New Ceylon";458.232;3999;0.8;0.81;0.51;"K:0:V"
561;"Circinus";394.259;2745;0.2;0.38;0.01;"M:4:V"
329;"Biota";275.291;2736;0.4;0.63;0.02;"M:6:V"
2363;"Smolnik";276.531;2629;0.2;0.25;0.04;"M:4:V"
2351;"Skepptana";563.286;3805;0.5;0.87;0.12;"K:7:V"
1538;"Lushun";525.771;2745;0.3;0.32;0.06;"M:3:V"
865;"Fetsund";507.533;2873;0.1;0.67;0.06;"M:0:V"
856;"Fefferfer";203.944;2412;0.4;0.47;0.02;"M:8:V"
15;"Acamar";55.235;3899;0.7;0.7;0.17;"K:5:V"
504;"Centavido";449.868;5486;0.9;1.03;1.31;"G:5:V"
951;"Gibraltar";385.851;2774;0.3;0.35;0.01;"M:3:V"
2178;"Rosepine";584.626;4332;0.5;0.73;0.42;"K:3:V"
809;"Entalun";335.777;5610;0.8;0.98;1.06;"G:4:V"
1271;"Junior";399.621;2815;0.1;0.13;0.03;"M:5:V"
691;"Denizli";365.293;2404;0.3;0.62;0.06;"M:4:V"
2134;"Relevow";200.966;4009;0.7;0.77;0.48;"K:3:V"
3025;"Kinbrace";950.161;2631;0.4;0.4;0.05;"M:3:V"
2847;"Zosma";51.222;4640;0.8;0.73;0.57;"K:0:V"
3063;"The Eyes in the Dark";982.065;2947;0.3;0.39;0.03;"M:3:V"
435;"Calchedon";379.296;NA;0.5;0.73;0.26;"K:3:V"
3164;"Tarragona";525.572;2531;0.4;0.53;0.03;"M:1:V"
293;"Bell";579.19;2760;0.2;0.25;0.02;"M:5:V"
2423;"Sturganos";373.577;3002;0.1;0.43;0.03;"M:3:V"
2367;"Sodertalje";547.133;5690;0.8;1;1.21;"G:2:V"
2677;"Vermezzo";396.42;5610;1;1.15;0.65;"G:2:V"
437;"Caldrea";196.249;4424;0.6;0.78;0.4;"K:3:V"
3147;"Taygete";482.001;3761;NA;0.87;0.11;"K:0:V"
434;"Calafell";388.99;2628;0.3;0.58;0.05;"M:7:V"
2278;"Sendalor";270.418;5702;0.9;1.04;0.93;"G:2:V"
693;"Derf";415.791;2477;0.1;0.51;0.05;"M:5:V"
3012;"Helios";552.129;2554;0.1;0.42;0.05;"M:2:V"
1346;"Kievanur";162.242;5375;0.9;1.14;1.04;"G:2:V"
2224;"San Carlos";601.903;2721;0.2;0.14;0.02;"M:5:V"
1494;"Ling";128.8;3720;0.6;0.74;0.56;"K:3:V"
2850;"Zurich";66.265;2964;0.2;0.62;0.02;"M:4:V"
92;"Alrescha";97.906;4579;0.6;0.87;0.24;"K:2:V"
544;"Chirikof";408.982;5180;0.7;0.85;0.55;"K:0:V"
1718;"Mira";115.735;5648;0.9;1.15;1.36;"G:2:V"
823;"Espia";390.061;3331;NA;0.33;0.06;"M:0:V"
1205;"Ionus";238.831;5182;0.6;0.76;0.18;"K:0:V"
1383;"Kochab";92.541;2642;0.4;0.54;0.06;"M:6:V"
3125;"Star Cluster 889";1728.166;2505;0.1;0.13;0.02;"M:0:V"
550;"Chorley";504.98;2661;0.4;0.21;0.03;"M:4:V"
1575;"Maldonado";384.806;4451;0.6;0.86;0.6;"K:2:V"
177;"Arluna";436.74;5305;0.8;1;1.4;"G:4:V"
436;"Caldarium";502.778;3629;0.2;0.49;0.04;"M:0:V"
1158;"Huron";323.203;2479;0.3;0.38;0.07;"M:8:V"
37;"Afleir";51.367;3112;0.2;0.7;0.06;"M:3:V"
2599;"Tuat";312.074;5500;0.9;1.11;0.8;"G:5:V"
2701;"Vonja";659.211;2917;0.3;0.26;0.06;"M:3:V"
2859;"Astrokaszy";428.893;2623;0.3;0.21;0.05;"M:1:V"
2560;"Tohelet";394.307;2968;0.2;0.15;0.01;"M:3:V"
1390;"Kolobrzeg";137.987;2843;0.3;0.57;0.02;"M:3:V"
1384;"Kockengen";187.347;2841;0.3;0.67;0.04;"M:5:V"
2512;"Tematagi";380.055;4158;0.7;0.87;0.37;"K:0:V"
3111;"Frobisher";598.709;2568;0.2;0.14;0.03;"M:3:V"
343;"Blida";293.304;3968;0.5;0.78;0.4;"K:2:V"
1647;"Meacham";189.544;2811;0.3;0.53;0.06;"M:0:V"
347;"Blue Sava";74.657;2476;0.2;0.43;0.01;"M:3:V"
100;"Altenmarkt";224.223;2995;0.2;0.41;0.03;"M:0:V"
712;"Die Moot";415.323;4176;0.5;0.79;0.55;"K:5:V"
929;"Gambier";386.476;NA;0.7;0.88;0.25;"K:7:V"
3057;"Malador Cluster";1113.246;NA;NA;NA;0.06;"M:4:V"
2845;"Zollikofen";34.823;2635;0.4;0.57;0.06;"M:7:V"
413;"Bucklands";464.408;3924;0.6;0.76;0.41;"K:7:V"
2948;"Huntress";1758.559;2766;0.2;0.65;0.05;"M:2:V"
1037;"Halfway";266.805;3832;0.5;0.94;0.43;"K:2:V"
1796;"Nanking";56.522;3356;0.4;0.46;0.05;"M:1:V"
2026;"Pietermaritzburg";347.665;4272;0.6;0.8;0.52;"K:5:V"
1385;"Kogl";396.438;5223;1;1.13;1.15;"G:5:V"
479;"Carmen";266.01;2893;0.3;0.63;0.06;"M:2:V"
2722;"Warren";443.414;2607;0.4;0.17;0.05;"M:4:V"
1489;"Lihue";468.347;2990;0.2;0.2;0.05;"M:4:V"
2579;"Trellisane";257.235;3929;0.8;0.91;0.34;"K:6:V"
1639;"McAffe";186.761;2533;0.1;0.44;0.02;"M:7:V"
3150;"Balawat";509.143;2842;0.3;0.22;0.07;"M:3:V"
224;"Awyron";489.679;5353;0.9;1.04;1.35;"G:5:V"
210;"Augusta";299.14;2478;0.4;0.63;0.06;"M:3:V"
194;"Ashley";349.468;3260;0.1;0.26;0.06;"M:1:V"
289;"Belacruz";418.31;NA;0.9;1.11;0.83;"G:3:V"
526;"Chatham";308.745;5341;0.9;1.14;1.23;"G:2:V"
2295;"Shasta";241.161;4007;0.8;0.95;0.47;"K:7:V"
625;"Crofton";528.715;3080;0.1;0.27;0.04;"M:3:V"
1040;"Hall";46.401;3391;0.2;0.68;0.06;"M:2:V"
2399;"Stapelfeld";449.627;5566;1;1.05;0.82;"G:3:V"
1284;"Kalmar";309.746;5232;1;1.02;0.9;"G:3:V"
1485;"Leyda";354.159;2528;NA;0.12;0.04;"M:6:V"
2617;"Ukunela";295.225;2722;NA;0.61;0.04;"M:2:V"
2931;"Circe";1619.476;NA;0.4;0.61;0.07;"M:7:V"
274;"Batavia";208.581;4408;0.5;0.81;0.14;"K:3:V"
1309;"Kaus Borealis";97.04;3821;0.7;0.93;0.59;"K:7:V"
1490;"Lima";241.842;4287;0.6;0.83;0.29;"K:3:V"
2265;"Schwartz";461.704;4103;0.5;0.8;0.59;"K:6:V"
2989;"Dortmund";1072.368;3976;0.8;0.77;0.2;"K:2:V"
1299;"Karston";277.256;2493;0.2;NA;0.04;"M:3:V"
333;"Bithinia";179.451;2532;0.4;0.4;0.07;"M:5:V"
2584;"Trimaldix";586.71;NA;1;1.08;0.71;"G:2:V"
684;"Delos";616.325;2510;0.2;0.47;0.05;"M:8:V"
1786;"Nagel";471.013;2531;0.3;0.11;0.07;"M:5:V"
990;"Gram";154.313;4474;0.7;0.81;0.5;"K:3:V"
404;"Brookeland";445.817;2997;0.2;0.08;0.08;"M:3:V"
596;"Cordiagr";192.582;3145;0.4;0.31;0.05;"M:2:V"
2569;"Tortuga Prime";704.53;5267;0.9;1.04;0.95;"G:4:V"
1544;"Lynchburg";364.022;3244;0.2;0.64;0.04;"M:2:V"
2362;"Smolensk";220.579;4591;0.7;0.95;0.33;"K:2:V"
1012;"Grumium";186.911;2980;0.2;NA;0.03;"M:4:V"
1992;"Pasemah";544.038;4066;0.6;0.71;0.42;"K:6:V"
1941;"Omagh";260.814;2574;0.3;0.2;0.07;"M:4:V"
2138;"Renfield";444.983;5523;1;1.02;1.32;"G:5:V"
1851;"New Sarum";482.102;4153;0.7;0.78;0.44;"K:5:V"
1568;"Maisons";346.154;3860;0.6;0.72;0.4;"K:7:V"
2942;"Gatekeeper";1779.517;3171;0.4;0.2;0.01;"M:2:V"
1069;"Haynesville";462.104;2680;0.4;0.28;0.06;"M:3:V"
1545;"Lyndon";233.938;2478;0.3;0.42;0.07;"M:5:V"
2955;"Niles";1710.975;2732;0.3;0.16;0.06;"M:3:V"
2660;"Vantaa";358.933;2975;0.2;0.48;0.06;"M:2:V"
2031;"Pinard";426.467;NA;0.4;0.26;0.06;"M:8:V"
330;"Birmensdorf";469.209;3250;0.4;0.35;0.01;"M:3:V"
1586;"Manennaia";93.698;2652;0.2;0.57;0.06;"M:5:V"
679;"Delacruz";389.291;2799;0.3;0.66;0.03;"M:5:V"
1768;"Mualang";282.634;3106;0.4;0.3;0.08;"M:3:V"
2671;"Ventabren";123.392;5368;1;1.06;0.96;"G:4:V"
2965;"Tiber";1878.865;3748;0.7;NA;0.57;"K:5:V"
2208;"Saiph";68.188;4394;0.6;0.77;0.33;"K:2:V"
1996;"Pattonsbrug";377.185;2762;0.1;0.17;0.04;"M:3:V"
1095;"Herbania";480.47;2864;0.3;0.49;0.08;"M:1:V"
323;"Bicester";272.122;2523;0.3;0.33;0.02;"M:2:V"
87;"Alpha Eridani";83.787;2681;0.1;0.46;0.08;"M:2:V"
2534;"Thirty Weight";289.985;2497;0.2;0.35;0.05;"M:5:V"
284;"Bedeque";146.644;3907;0.6;0.83;0.35;"K:7:V"
2505;"Techne's Revenge";483.669;5295;0.9;1.04;1.29;"G:5:V"
421;"Butler";395.927;3198;0.4;0.64;0.06;"M:2:V"
1005;"Griffith";342.403;3148;0.1;0.41;0.05;"M:2:V"
2805;"Yufu";260.864;4475;0.5;0.78;0.57;"K:2:V"
678;"Delacambre";539.73;2414;0.2;0.47;0.04;"M:3:V"
2654;"Van Diemen";53.046;2498;0.2;NA;0.01;"M:6:V"
2410;"Sternwerde";256.689;3122;0.3;0.43;0.07;"M:0:V"
1088;"Hellos Minor";259.14;2408;0.3;0.14;0.08;"M:1:V"
1341;"Khi";245.709;5568;0.9;1;0.82;"G:2:V"
2929;"Albion";1792.847;4096;0.7;0.93;0.3;"K:3:V"
2606;"Turtle Bay";429.02;4310;0.6;0.92;0.35;"K:0:V"
2963;"Tamaron";1856.995;4567;0.6;0.72;0.45;"K:2:V"
2968;"Vinton";1912.192;3865;0.8;0.88;0.53;"K:2:V"
2566;"Torgvei";580.193;3056;0.1;0.27;0.07;"M:4:V"
3035;"Theta Carinae Cluster";522.287;2755;0.4;0.38;0.05;"M:0:V"
797;"Elume";498.351;4359;0.5;0.95;0.1;"K:4:V"
1101;"Herrmaz";507.426;2866;NA;0.21;0.07;"M:2:V"
2369;"Soilihull";193.816;2797;0.3;0.44;0.06;"M:3:V"
1863;"Newtown Square";454.59;2611;0.3;0.08;0.05;"M:1:V"
1472;"Lee";188.655;3108;0.1;0.56;0.04;"M:2:V"
2027;"Pike";44.113;3026;0.4;0.25;0.06;"M:1:V"
326;"Bilma";339.826;NA;0.1;0.64;0.06;"M:3:V"
1332;"Kern";404.238;5227;0.9;1.03;0.61;"G:2:V"
2213;"Sakuranoki";324.442;2518;0.2;0.61;0.03;"M:5:V"
1322;"Kelang";409.796;2465;0.3;0.59;0.04;"M:8:V"
1138;"Hortense";508.989;4787;0.7;0.91;0.6;"K:2:V"
1559;"Madiun";402.121;4122;0.7;0.85;0.26;"K:6:V"
1738;"Mokane";427.644;2876;0.4;0.21;0.03;"M:5:V"
920;"Galedon";374.782;3823;0.7;0.76;0.27;"K:7:V"
2414;"Stirling";460.492;2550;0.3;0.27;0.08;"M:3:V"
1889;"Nopah";66.297;2664;0.1;0.43;0.04;"M:3:V"
79;"Alleghe";406.17;3243;0.4;NA;0.02;"M:1:V"
1742;"Mondra";513.011;2740;0.4;0.53;0.06;"M:2:V"
3056;"Landrum";1265.21;3793;0.7;0.83;0.09;"K:5:V"
2693;"Vipaava";375.662;3068;0.1;0.44;0.03;"M:2:V"
1792;"Naka Pabni";477.362;3740;0.7;0.77;0.35;"K:5:V"
1331;"Kerman";507.612;3094;NA;0.53;0.06;"M:3:V"
47;"Akfata";420.516;2606;0.2;NA;0.03;"M:4:V"
886;"Florida";433.154;3252;0.1;NA;0.01;"M:3:V"
1239;"Jászberény";177.276;2925;0.2;0.3;0.03;"M:2:V"
2791;"Yamoussoukra";508.624;4095;0.5;0.84;0.08;"K:6:V"
1930;"Okefenokee";610.668;2517;0.2;0.26;0.04;"M:8:V"
1057;"Harminous";481.747;4199;0.5;0.91;0.45;"K:5:V"
1916;"Oberon";486.19;2435;0.4;0.15;0.05;"M:8:V"
791;"Elix";84.453;5327;0.9;1.01;1.07;"G:2:V"
2305;"Sherwood";576.109;2503;0.2;0.47;0.05;"M:5:V"
515;"Chalouba";311.958;2861;0.1;0.38;0.07;"M:5:V"
2388;"St. Andre";120.166;3446;0.3;0.27;0.07;"M:1:V"
2206;"Saffel";28.195;3837;NA;0.94;0.44;"K:2:V"
1103;"Hè-shì";359.722;5762;0.9;1.14;1.27;"G:2:V"
859;"Feltre";362.666;5338;0.9;1.01;1.31;"G:5:V"
667;"Davisville";482.089;2460;0.2;0.29;0.05;"M:5:V"
604;"Corridan";127.263;2610;0.3;0.08;0.04;"M:3:V"
825;"Estuan";501.303;2953;0.3;0.43;0.07;"M:2:V"
2608;"Twycross";380.978;3773;0.6;0.79;0.27;"K:2:V"
1783;"Mytilene";203.092;4408;0.7;0.73;0.11;"K:4:V"
1722;"Mishkadrill";517.048;2931;0.1;0.61;0.05;"M:5:V"
2373;"Somerset";454.587;4179;0.7;0.71;0.11;"K:5:V"
2310;"Shimonita";124.883;2505;0.3;0.17;0.04;"M:2:V"
1132;"Hongqiao";325.184;4296;0.7;0.77;0.1;"K:5:V"
1601;"Mararn";570.64;3505;0.1;0.32;0.02;"M:1:V"
857;"Feijo";734.962;2966;0.3;0.47;0.02;"M:5:V"
2810;"Zalaf";442.444;2854;0.4;0.24;0.01;"M:3:V"
3030;"St. Jean";1163.98;5301;0.9;1.1;0.8;"G:5:V"
3133;"Franmalin";629.866;2861;0.3;0.49;0.04;"M:5:V"
2836;"Zhaomaon";428.931;2621;0.3;0.62;0.03;"M:6:V"
1201;"Inman";556.066;2896;0.4;0.16;0.04;"M:0:V"
1728;"Miyako";341.695;2924;0.3;0.25;0.03;"M:5:V"
3139;"Trondheim";780.505;2794;0.2;0.62;0.05;"M:5:V"
2057;"Poulsbo";380.711;3933;0.6;0.85;0.5;"K:2:V"
719;"Dindatari";466.713;2422;0.2;0.2;0.06;"M:7:V"
661;"Danxian";347.841;3815;0.6;0.88;0.37;"K:7:V"
1839;"New Macao";144.856;2568;0.1;0.49;0.01;"M:3:V"
569;"Clovis";180.192;3061;0.3;0.25;0.01;"M:1:V"
605;"Corsica Nueva";298.809;5659;0.9;1.12;1.14;"G:2:V"
1753;"Moore";64.313;5552;0.9;1.02;1.41;"G:2:V"
1429;"Kvistgard";365.517;4551;0.7;0.76;0.18;"K:3:V"
1391;"Kolovraty";443.485;4068;0.7;0.74;0.31;"K:2:V"
2376;"Sophie's World";167.077;3064;0.4;0.37;0.03;"M:4:V"
2313;"Shinonoi";96.401;NA;1;1.11;1.14;"G:2:V"
1278;"Kaitangata";363.184;2468;0.4;0.25;0.01;"M:2:V"
2766;"Wisconsin";336.56;2566;0.3;0.64;0.07;"M:6:V"
2920;"Rezak's Hole";538.627;2407;0.1;0.18;0.04;"M:4:V"
2112;"Raman";161.818;3944;0.5;0.85;0.09;"K:2:V"
3148;"Alamagordo";376.987;2541;0.1;0.25;0.04;"M:6:V"
968;"Glentworth";341.741;5367;0.9;1.06;1.4;"G:2:V"
398;"Broaddus";468.359;4110;0.6;0.8;0.49;"K:5:V"
887;"Flushing";205.833;2800;0.2;0.4;0.07;"M:4:V"
2346;"Sirius";8.267;4394;0.8;0.79;0.45;"K:2:V"
1993;"Pasig";371.41;3343;0.1;0.61;0.07;"M:0:V"
861;"Ferleiten";354.742;3923;0.6;0.9;0.5;"K:5:V"
2777;"Wrentham";367.535;4838;0.6;0.96;0.36;"K:2:V"
356;"Bogard";271.276;5215;0.8;1;0.85;"G:5:V"
685;"Delphos";323.952;2893;0.4;0.15;0.04;"M:3:V"
2637;"Urjala";423.517;2610;0.3;0.16;0.03;"M:5:V"
45;"Aitutaki";234.196;2916;0.1;0.58;0.03;"M:3:V"
812;"Epsilon";321.732;2469;0.1;0.24;0.05;"M:2:V"
1365;"Kiruna";430.026;3039;0.3;0.25;0.06;"M:3:V"
2731;"Wazan";140.817;2867;0.1;0.14;0.04;"M:3:V"
2713;"Waldheim";369.385;2468;0.3;0.55;0.08;"M:8:V"
2066;"Preston";234.936;3813;0.6;0.95;0.14;"K:4:V"
1596;"Manteno";202.418;2466;0.1;0.35;0.01;"M:7:V"
1829;"New Galicia";424.916;3871;NA;0.91;0.54;"K:6:V"
2643;"Vakarel";379.267;3026;0.2;0.2;0.03;"M:3:V"
1260;"Jordan Wais";527.482;3761;0.8;0.72;0.13;"K:6:V"
1;"A Place";298.999;3836;NA;0.83;0.11;"K:7:V"
1119;"Hobson";355.699;3901;0.5;0.72;0.39;"K:6:V"
2663;"Várri";549.157;3101;0.1;0.15;0.08;"M:4:V"
2719;"Wappingers";290.103;2501;0.4;0.39;0.06;"M:3:V"
1492;"Lindenmarle";436.198;2426;0.3;0.33;0.04;"M:1:V"
3145;"Contrilla";498.385;2771;0.3;0.55;0.02;"M:5:V"
3165;"Tiburon";511.602;3545;0.1;0.31;0.04;"M:1:V"
1242;"Java";241.831;2455;0.4;0.7;0.02;"M:1:V"
1961;"Outer Volta";353.846;2494;0.4;0.1;0.01;"M:7:V"
610;"Courcellete";341.532;5458;0.9;1.08;1.42;"G:2:V"
1854;"New Syrtis";376.217;3895;0.6;0.78;0.53;"K:3:V"
798;"Emar";473.791;5291;1;1.15;1.31;"G:5:V"
167;"Arcturus";191.109;3024;0.2;0.52;0.03;"M:2:V"
1506;"Loeches";214.489;3550;0.3;0.52;0.07;"M:1:V"
1912;"Nunivak";373.058;5331;1;1.07;0.61;"G:4:V"
229;"Azha";74.442;3198;NA;0.61;0.01;"M:0:V"
737;"Dowles";238.18;2412;0.2;0.66;0.07;"M:6:V"
2017;"Pesht";372.212;3019;0.2;0.55;0.06;"M:2:V"
2497;"Tatsuno";256.6;3048;0.1;0.65;0.05;"M:0:V"
1935;"Oldsmith";318.905;2825;0.3;0.13;0.03;"M:5:V"
764;"Early Dawn";438.543;3338;0.1;0.08;0.05;"M:1:V"
1353;"Kilmarnock";314.692;2613;0.3;0.13;0.06;"M:6:V"
22;"Acrux";354.376;2485;0.3;0.3;0.04;"M:2:V"
665;"Darwendale";407.791;5283;1;1.02;1.08;"G:2:V"
2231;"Sanurcha";372.867;4093;0.6;0.71;0.32;"K:3:V"
1363;"Kirklin";286.449;2433;0.2;0.48;0.06;"M:8:V"
936;"Ganshoren";164.004;2493;0.2;0.56;0.02;"M:7:V"
840;"Fairfax";354.712;3023;0.2;NA;0.06;"M:4:V"
1508;"Logan's Land";481.64;5764;0.8;1.01;1.32;"G:2:V"
1842;"New Oslo";386.446;2881;0.3;0.7;0.04;"M:5:V"
2074;"Promised Land";312.796;3319;0.3;NA;0.03;"M:1:V"
626;"Cronulla";253.18;4163;0.7;0.86;0.43;"K:4:V"
1184;"Ilmar";177.381;2465;0.2;0.34;0.07;"M:2:V"
497;"Cavanaugh";311.59;2473;0.1;0.45;0.03;"M:6:V"
463;"Cap Rouge";331.598;3458;0.2;0.66;0.05;"M:1:V"
2959;"Shadow";1749.943;2940;0.4;0.44;0.08;"M:3:V"
2490;"Taran's World";509.069;2631;0.2;0.43;0.04;"M:2:V"
2728;"Waxell";332.347;3883;0.6;0.86;0.2;"K:1:V"
1954;"Osset";512.002;2790;0.4;0.23;0.05;"M:4:V"
488;"Cascade";228.139;2510;0.4;0.22;0.01;"M:2:V"
627;"Crossing";257.684;5228;0.9;0.97;1.39;"G:4:V"
2687;"Vikindu";289.802;2506;0.3;0.42;0.05;"M:8:V"
439;"Caledea";356.012;2449;0.3;0.59;0.02;"M:5:V"
245;"Ballentine";237.533;NA;0.9;1.14;1.42;"G:4:V"
1003;"Greenlaw";277.786;2780;0.2;0.2;0.08;"M:2:V"
2482;"Tania Australis";154.806;4087;0.6;0.74;0.57;"K:6:V"
2649;"Valil'yevskiy";374.641;4332;0.6;0.72;0.32;"K:5:V"
808;"Enkra";427.704;5411;1;1.15;1.03;"G:2:V"
2412;"Stettin";451.621;2467;0.3;0.08;0.08;"M:7:V"
1831;"New Gascony";712.261;2459;0.3;0.45;0.03;"M:0:V"
842;"Faleolo";274.904;5790;1;0.98;1.04;"G:2:V"
1165;"Ibarra";311.713;2537;0.4;0.08;0.04;"M:6:V"
837;"Exeter";188.604;2436;0.1;0.59;0.07;"M:4:V"
2828;"Zebrenaski";304.234;2905;0.2;0.38;0.05;"M:3:V"
2340;"Simferopol";360.327;2662;0.1;0.69;0.04;"M:4:V"
2128;"Reese Station";338.807;2436;NA;0.34;0.02;"M:8:V"
2288;"Sevren";316.388;2499;0.2;0.15;0.01;"M:1:V"
2740;"Weistheimer";574.024;2669;0.4;0.28;0.03;"M:4:V"
1061;"Harsefeld";143.095;5462;NA;NA;1.17;"G:2:V"
2243;"Sarna";164.359;2684;0.4;0.58;0.02;"M:4:V"
588;"Conroe";388.068;5231;0.9;1.14;0.7;"G:4:V"
1047;"Hamilton";268.352;3042;0.1;0.65;0.01;"M:3:V"
2121;"Rasalas";177.601;4367;0.7;0.74;0.43;"K:0:V"
35;"Aer";195.571;2616;0.3;0.36;0.07;"M:1:V"
2046;"Pokhara";64.585;3667;0.2;0.34;0.07;"M:0:V"
2094;"Quiberas";499.087;3353;0.3;0.63;0.06;"M:2:V"
2730;"Waypoint";522.306;2520;0.1;0.09;0.07;"M:8:V"
225;"Axton";170.277;4924;0.6;NA;0.14;"K:0:V"
1570;"Maladar";270.582;2850;0.1;0.16;0.06;"M:3:V"
1217;"Issaba";485.388;2884;0.2;0.27;0.03;"M:5:V"
700;"Devil's Rock";39.295;2862;0.2;0.51;0.07;"M:4:V"
3141;"Juniper";132.106;2499;0.3;0.18;0.03;"M:2:V"
2550;"Tinaca";282.675;2552;0.3;0.24;0.01;"M:1:V"
607;"Cosenza";363.777;4485;0.6;0.81;0.57;"K:0:V"
2872;"Maximillian";460.851;3070;0.4;0.44;0.01;"M:3:V"
1917;"Obrenovac";384.352;5555;0.9;1.11;1.03;"G:4:V"
1938;"Olindo";519.3;3109;0.3;0.5;0.03;"M:4:V"
1715;"Minnacora";187.311;5272;0.9;1.04;0.93;"G:4:V"
388;"Bremond";392.65;3923;0.6;0.76;0.47;"K:7:V"
2296;"Shaul Khala";256.784;2587;0.4;0.37;0.07;"M:4:V"
2302;"Shenwan";241.813;2605;0.2;0.19;0.05;"M:2:V"
3044;"Wolf Orbital 82";691.654;3121;0.4;0.15;0.02;"M:2:V"
1688;"Mersa Matruh";213.619;3951;0.8;0.95;0.49;"K:2:V"
1741;"Molokai";321.508;4081;0.6;0.74;0.11;"K:0:V"
2616;"Uhuru";139.622;2757;0.1;0.66;0.05;"M:4:V"
752;"Dunianshire";504.089;3012;0.1;0.58;0.03;"M:2:V"
495;"Catroxx";97.864;5294;1;1.13;1.21;"G:5:V"
546;"Chita";568.687;2604;0.3;0.54;0.08;"M:2:V"
1974;"Palmyra";451.543;2647;0.4;0.5;0.02;"M:3:V"
228;"Ayn Tarma";348.425;NA;0.9;1.14;0.78;"G:3:V"
608;"Cotocallao";332.801;2568;0.3;0.21;0.04;"M:4:V"
191;"Ashburton";298.293;3208;0.3;0.4;0.08;"M:2:V"
120;"Ammon";659.668;3818;0.7;0.9;0.09;"K:2:V"
933;"Gandy's Luck";266.94;3946;0.5;0.96;0.26;"K:6:V"
1046;"Hamilton";88.794;2435;0.2;0.32;0.06;"M:4:V"
1328;"Kent";704.97;3010;0.2;0.68;0.07;"M:3:V"
1274;"Kafr Silim";311.453;2454;0.2;0.28;0.05;"M:8:V"
780;"El Dorado";303.414;4944;0.8;0.85;0.6;"K:0:V"
1235;"Jardangal";618.339;3287;0.3;0.44;0.06;"M:0:V"
3083;"Rest Stop";865.853;3072;0.4;0.38;0.06;"M:3:V"
2536;"Thraxa";496.608;2527;0.4;0.17;0.01;"M:8:V"
314;"Betelgeuse";306.955;2537;0.2;0.47;0.05;"M:0:V"
2438;"Sunchon";344.672;2439;0.4;0.47;0.05;"M:1:V"
1709;"Milton";64.432;2741;0.1;0.17;0.06;"M:2:V"
30;"Adhara";484.902;2688;0.1;0.66;0.05;"M:4:V"
2574;"Towne";69.721;3472;0.3;0.59;0.02;"M:0:V"
426;"Cabanatuan";535.102;2419;0.2;0.4;0.05;"M:3:V"
2516;"Tentativa";462.242;2887;0.3;0.46;0.06;"M:2:V"
1181;"Illiushin";450.474;2565;0.3;0.69;0.05;"M:2:V"
147;"Antias";386.847;2989;0.1;0.38;0.03;"M:3:V"
2915;"Orkney";550.436;2551;0.2;0.44;0.08;"M:5:V"
584;"Concord";149.242;2609;NA;0.36;0.06;"M:1:V"
1014;"Gruyeres";322.429;5729;1;1.04;1.3;"G:2:V"
1013;"Grunwald";225.298;2429;0.3;0.25;0.01;"M:7:V"
1058;"Harmony";221.752;3967;0.5;NA;0.38;"K:7:V"
843;"Fallen Stars";480.703;2734;0.3;NA;0.04;"M:4:V"
2680;"Viborg";472.097;2419;0.4;0.38;0.06;"M:4:V"
2568;"Torrence";317.719;2437;0.1;0.47;0.03;"M:5:V"
109;"Alula Borealis";264.58;3739;0.7;0.87;0.4;"K:5:V"
945;"Genoa";71.371;2443;0.1;0.45;0.08;"M:2:V"
2430;"Suk";257.777;3812;0.5;0.73;0.39;"K:3:V"
1795;"Namen";275.865;3773;0.7;0.75;0.27;"K:5:V"
3024;"Harris";814.835;3701;0.7;0.93;0.17;"K:5:V"
2827;"Zebeneschamali";119.098;3288;NA;0.42;0.05;"M:2:V"
775;"Eidsfoss";164.441;4283;0.6;0.85;0.14;"K:5:V"
1314;"Kazanka";500.459;3003;0.4;0.37;0.07;"M:0:V"
2807;"Yunnah";129.872;3428;0.1;0.08;0.04;"M:1:V"
1202;"Inner End";592.086;4049;0.7;0.75;0.46;"K:2:V"
2067;"Primus";322.524;2780;0.1;0.57;0.04;"M:2:V"
2681;"Vibrunum";531.858;NA;0.8;0.79;0.21;"K:2:V"
2541;"Tianamon";129.453;2511;0.2;0.57;0.06;"M:8:V"
1333;"Kervil";57.241;2667;0.3;0.43;0.01;"M:3:V"
1860;"New Westin";244.992;4470;0.7;0.71;0.59;"K:2:V"
728;"Domain";250.282;3764;0.5;0.8;0.11;"K:2:V"
465;"Capella";176.33;3129;0.1;0.58;0.01;"M:2:V"
91;"Alrakis";84.276;3756;0.6;0.73;0.37;"K:7:V"
1504;"Lockdale";40.357;3805;0.6;0.7;0.31;"K:5:V"
619;"Cree";311.687;2823;0.2;0.57;0.07;"M:3:V"
44;"Aiguebelle";398.048;5246;0.8;1.03;1.21;"G:2:V"
757;"Dustball";285.97;4103;0.6;0.74;0.54;"K:5:V"
1023;"Gustrell";471.382;NA;0.3;0.27;0.02;"M:2:V"
2092;"Quemoy";157.885;3115;0.1;0.27;0.02;"M:2:V"
1977;"Pangkalan";441.984;5366;1;1.13;0.84;"G:5:V"
1155;"Huntington";437.327;3914;0.7;0.91;0.39;"K:0:V"
1197;"Ingersoll";172.288;3823;0.8;0.73;0.32;"K:5:V"
2839;"Zinal";527.101;2640;0.2;0.41;0.03;"M:6:V"
651;"Dalkeith";159.905;4370;0.6;0.81;0.34;"K:2:V"
512;"Chagos";347.407;NA;0.2;0.56;0.04;"M:3:V"
2594;"Tsinan";319.063;2464;0.1;0.27;0.08;"M:2:V"
2173;"Rondon";727.218;2568;0.4;0.61;0.02;"M:6:V"
2478;"Tangerz";190.998;2669;0.4;0.39;0.05;"M:7:V"
160;"Aquagea";406.98;2412;0.2;0.56;0.06;"M:8:V"
1675;"Menkar";129.257;2772;0.4;0.49;0.04;"M:5:V"
522;"Chara";29.91;2544;0.4;0.35;0.03;"M:1:V"
638;"Cusset";288.041;4923;0.6;0.83;0.55;"K:0:V"
176;"Arlington";234.954;2883;0.1;0.28;0.02;"M:4:V"
247;"Balsta";413.785;2539;0.4;0.48;0.06;"M:8:V"
3137;"Mandalas";448.793;4268;0.6;0.92;0.46;"K:2:V"
1455;"Langhorne";486.118;3292;0.2;0.32;0.04;"M:2:V"
3069;"Ksabi";1045.343;3226;0.3;0.48;0.06;"M:2:V"
1818;"New Britain";47.967;5349;0.9;0.96;1.18;"G:2:V"
2111;"Raldamax";612.919;2521;0.1;0.51;0.01;"M:4:V"
1613;"Markab";100.317;5333;1;1.14;1.16;"G:2:V"
287;"Beid";273.758;2436;0.1;NA;0.04;"M:1:V"
1442;"Lackland";573.445;2839;0.4;0.47;0.03;"M:1:V"
1268;"Junction";156.246;2776;0.2;0.49;0.05;"M:1:V"
2324;"Shuen Wan";222.43;2985;0.3;NA;0.04;"M:3:V"
2803;"York";302.048;2422;0.3;0.41;0.01;"M:0:V"
3016;"Joppa";438.63;4317;0.6;0.72;0.43;"K:2:V"
1486;"Leyland";499.622;2413;0.1;0.5;0.06;"M:0:V"
2326;"Sialkot";542.589;2889;0.1;0.55;0.04;"M:5:V"
1817;"New Bergen";403.412;2761;0.2;0.63;0.02;"M:4:V"
2831;"Zelmag";481.861;3388;0.1;0.1;0.03;"M:1:V"
1512;"Lonaconing";454.76;4230;0.5;0.83;0.48;"K:4:V"
2001;"Payvand";376.287;3197;0.4;0.22;0.06;"M:3:V"
1628;"Mattisskogen";366.096;3957;0.6;NA;0.17;"K:5:V"
1827;"New Exford";279.265;5304;1;1.04;1.43;"G:5:V"
2595;"Tsingtao";181.059;2957;0.4;0.12;0.04;"M:0:V"
1821;"New Capetown";362.678;2582;0.2;0.45;0.05;"M:5:V"
1573;"Malazan";286.051;2826;0.4;0.38;0.01;"M:3:V"
817;"Erin";540.152;3988;0.8;0.77;0.14;"K:5:V"
1109;"Highspire";155.765;3973;0.8;0.95;0.27;"K:5:V"
2729;"Waycross";142.952;3822;0.6;0.82;0.38;"K:7:V"
3041;"Trinity";801.009;5383;1;0.98;0.95;"G:4:V"
2267;"Scudder";218.398;3732;0.6;0.8;0.38;"K:5:V"
1221;"Itrom";452.235;3078;0.2;0.13;0.04;"M:2:V"
2280;"Senorbi";376.698;2924;0.1;0.2;0.06;"M:4:V"
707;"Diboll";480.08;2884;0.1;0.1;0.04;"M:1:V"
1904;"Nowhere";546.646;2600;0.3;NA;0.08;"M:0:V"
818;"Eromanga";307.609;2992;0.1;NA;0.02;"M:0:V"
1327;"Kennard";476.896;2687;0.2;0.44;0.03;"M:2:V"
903;"Frondas";248.377;3875;0.6;0.76;0.49;"K:2:V"
2015;"Perrot";271.523;3209;0.2;0.4;0.02;"M:3:V"
134;"Angell";129.287;NA;0.4;0.22;0.01;"M:2:V"
688;"Deneb Algedi";48.662;2541;0.4;0.34;0.04;"M:6:V"
1654;"Megarez";445.863;2824;0.4;0.63;0.07;"M:2:V"
680;"Delagoa";562.208;3143;0.1;0.08;0.04;"M:1:V"
2856;"Addhara";531.91;4939;0.5;0.73;0.42;"K:0:V"
2775;"Worrell";372.553;2839;NA;0.56;0.08;"M:5:V"
1528;"Lucerne";232.193;2489;0.4;0.39;0.06;"M:8:V"
1368;"Kitopler";439.384;5360;0.9;1.04;0.9;"G:5:V"
1554;"Mackolla";647.016;2456;0.2;0.14;0.06;"M:2:V"
800;"Emporia";256.745;2718;0.3;0.11;0.07;"M:4:V"
13;"Abushiri";422.123;2679;NA;0.53;0.02;"M:4:V"
2230;"Santiago";436.907;4120;0.7;0.71;0.18;"K:5:V"
1867;"Nichol's Rest";274.835;3013;0.4;0.35;0.07;"M:4:V"
1403;"Kostinbrod";406.765;2895;0.3;0.41;0.06;"M:2:V"
675;"Defiance";438.118;2404;0.3;0.18;0.07;"M:5:V"
2435;"Summit";239.97;4085;NA;0.86;0.52;"K:3:V"
2984;"Braunschweig";1093.747;5312;0.8;1.11;0.74;"G:5:V"
2891;"Cogdell";540.747;4136;NA;0.83;0.1;"K:5:V"
2241;"Sarkel";132.944;3144;0.2;0.29;0.02;"M:3:V"
767;"Ebro";578.462;2470;0.2;0.22;0.05;"M:7:V"
331;"Birqash";383.362;4268;NA;0.8;0.44;"K:5:V"
829;"Euschelus";480.108;2535;0.3;0.12;0.06;"M:5:V"
2773;"Woodstock";57.481;2883;0.4;0.46;0.04;"M:3:V"
78;"All Dawn";484.442;2664;0.1;0.12;0.06;"M:5:V"
2156;"Rijeka";352.036;5217;1;1.09;0.92;"G:2:V"
725;"Dnepropetrovsk";343.619;2460;0.4;0.47;0.02;"M:6:V"
2800;"Ylemelke";508.828;5274;1;1.12;0.72;"G:4:V"
1223;"Izar";114.389;3237;0.4;0.09;0.07;"M:3:V"
2720;"Ward";414.519;2867;0.1;0.31;0.01;"M:3:V"
2462;"Tabayama";469.509;2873;0.1;0.23;0.01;"M:5:V"
2180;"Rosice";284.198;2710;0.4;0.44;0.02;"M:1:V"
3101;"Karpathos";984.419;2970;0.2;0.62;0.05;"M:2:V"
1381;"Ko";47.487;2771;0.3;0.29;0.03;"M:2:V"
1824;"New Dallas";60.599;2681;0.1;0.45;0.05;"M:2:V"
962;"Glabach";456.417;NA;0.1;0.66;0.03;"M:3:V"
1444;"Lahti";451.425;4770;0.7;0.8;0.41;"K:2:V"
2010;"Perdido";460.796;2662;0.3;0.38;0.07;"M:3:V"
1908;"Nullarbor";296.271;2690;0.2;0.29;0.07;"M:1:V"
55;"Albion";318.584;2997;0.1;0.41;0.02;"M:3:V"
481;"Carnac";235.037;3212;0.3;0.47;0.03;"M:2:V"
2058;"Poznan";102.506;5734;0.9;1.02;1.43;"G:2:V"
1711;"Minakuchi";132.873;4049;0.6;0.89;0.48;"K:5:V"
2849;"Zumbo";729.844;3501;0.3;0.64;0.04;"M:1:V"
519;"Chanute";464.329;2547;0.4;0.41;0.06;"M:7:V"
2625;"Umgard";437.137;3212;0.3;0.13;0.05;"M:3:V"
912;"Fuveau";498.13;2644;0.4;0.12;0.01;"M:2:V"
1108;"Hickok";432.215;2781;0.1;0.4;0.01;"M:1:V"
1467;"Laurent";306.122;2408;0.3;0.3;0.02;"M:7:V"
1855;"New Troy";264.885;NA;0.7;0.81;0.21;"K:3:V"
2202;"Sadachbia";88.221;4857;0.6;0.87;0.46;"K:2:V"
2868;"Logan Prime";536.04;3165;0.2;0.08;0.04;"M:1:V"
510;"Ceuta";574.553;NA;0.2;0.26;0.07;"M:2:V"
3052;"Heidrunn";1897.849;2646;0.4;0.08;0.02;"M:5:V"
1724;"Mitchel";345.876;NA;0.1;NA;0.06;"M:4:V"
1048;"Hammer";396.507;NA;0.5;0.94;0.59;"K:6:V"
2537;"Thuban";228.914;2601;0.4;0.1;0.01;"M:7:V"
2876;"Pompey";536.788;4866;0.6;0.96;0.26;"K:2:V"
1875;"Niops";457.325;3803;0.6;0.86;0.37;"K:5:V"
2349;"Skaslien";292.371;3075;0.3;0.2;0.01;"M:4:V"
1794;"Nam Dinh";260.125;3679;0.1;0.4;0.07;"M:0:V"
2316;"Shipton";539.764;NA;0.2;0.52;0.02;"M:1:V"
3161;"Gaucin";523.184;2459;0.1;0.09;0.01;"M:3:V"
2514;"Tengil";318.66;2492;0.1;0.53;0.05;"M:8:V"
2371;"Solaris";122.518;3443;0.4;0.53;0.07;"M:0:V"
686;"Demeter";114.954;5396;0.9;1.07;1.44;"G:3:V"
1193;"Incukalns";292.906;NA;0.9;1.09;1.33;"G:5:V"
2073;"Project Libra Umbrella";545.104;2551;0.1;0.25;0.06;"M:1:V"
2163;"Rochers";278.92;2683;NA;0.36;0.07;"M:5:V"
1166;"Ibstock";104.048;3804;0.7;0.72;0.4;"K:3:V"
222;"Avranches";340.42;3098;0.2;0.41;0.01;"M:0:V"
1870;"Niihau";250.668;2566;0.1;0.13;0.03;"M:2:V"
1207;"Ipswich";237.932;2469;0.3;0.39;0.04;"M:3:V"
1845;"New Rhodes";103.576;4387;0.7;0.81;0.55;"K:4:V"
1569;"Malacca";516.353;2478;0.1;0.2;0.06;"M:2:V"
187;"Ascella";77.285;4677;0.5;0.8;0.14;"K:3:V"
1650;"Mechdur";438.017;2819;0.4;0.49;0.03;"M:6:V"
3142;"Fable";272.819;2439;0.1;NA;0.06;"M:3:V"
2530;"Thessalonika";313.612;5581;1;1.12;1.19;"G:2:V"
827;"Etiler";427.385;2489;0.3;0.55;0.03;"M:7:V"
1985;"Pardeau";149.723;3847;NA;0.75;0.48;"K:3:V"
1761;"Morrigan";340.803;5422;1;1.15;1.35;"G:5:V"
292;"Bell";151.397;2598;0.1;0.42;0.05;"M:1:V"
1603;"Marawi";272.134;2890;0.2;0.28;0.05;"M:2:V"
2647;"Valentina";422.267;2412;0.3;0.44;0.07;"M:4:V"
1608;"Marielund";557.72;2549;0.2;0.6;0.02;"M:5:V"
2311;"Shimonoseki";326.851;3957;0.7;0.95;0.45;"K:5:V"
1958;"Ottumwa";399.975;2468;0.4;0.2;0.01;"M:3:V"
1293;"Kanto";435.849;3979;0.5;0.91;0.4;"K:3:V"
2844;"Zolfo";532.199;2745;0.3;0.54;0.05;"M:3:V"
646;"Dagda";247.737;2582;0.2;0.33;0.06;"M:7:V"
273;"Batajnica";388.383;4676;0.6;0.93;0.44;"K:3:V"
1305;"Katlehong";333.063;3715;0.7;0.93;0.36;"K:6:V"
39;"Agematsu";314.421;2906;0.2;0.35;0.07;"M:4:V"
1329;"Kentares";149.985;3728;0.7;0.9;0.25;"K:7:V"
2916;"Oscar";710.665;3349;0.3;0.12;0.03;"M:1:V"
579;"Coloma";296.543;2537;0.2;0.13;0.04;"M:3:V"
614;"Covington";390.202;2798;0.2;0.24;0.03;"M:5:V"
600;"Coriscana";217.338;3383;0.2;0.63;0.02;"M:2:V"
272;"Bastrop";566.773;3897;0.5;0.74;0.21;"K:6:V"
759;"Duxfort";405.632;2776;0.2;NA;0.08;"M:6:V"
2285;"Seuta Bimyeong";447.048;3135;0.2;0.55;0.07;"M:0:V"
2585;"Trinidad";284.914;2671;0.4;0.59;0.07;"M:1:V"
2222;"Salvende";698.133;4176;0.7;0.76;0.14;"K:0:V"
2065;"Preston";214.442;2724;0.3;0.47;0.03;"M:0:V"
2385;"Spica";255.008;3702;0.5;0.95;0.38;"K:5:V"
296;"Bellatrix";355.774;2585;0.4;0.69;0.06;"M:2:V"
193;"Ashkum";150.856;3207;NA;0.09;0.04;"M:1:V"
987;"Gouderak";373.44;2523;0.3;0.5;0.02;"M:8:V"
1600;"Marantha";444.821;2861;0.3;0.42;0.06;"M:5:V"
964;"Glasgow";217.489;3597;0.4;0.1;0.06;"M:0:V"
269;"Bass";415.671;2571;0.4;0.07;0.01;"M:0:V"
1263;"Josselin";374.936;3075;0.1;0.34;0.01;"M:3:V"
2014;"Pernik";346.195;4195;0.6;0.95;0.21;"K:3:V"
1086;"Helixmar";268.454;NA;0.4;0.53;0.05;"M:1:V"
1635;"Mayenne";598.071;2988;0.3;0.27;0.03;"M:3:V"
2391;"St. Ives";240.779;5551;0.8;1.13;1.11;"G:2:V"
1471;"Leamington";365.139;2592;0.4;0.29;0.06;"M:5:V"
2215;"Salem";262.141;3897;0.6;0.87;0.11;"K:3:V"
473;"Cardff";377.921;4845;0.6;0.74;0.37;"K:2:V"
2261;"Schirmeck";399.065;2817;0.1;0.1;0.06;"M:3:V"
2936;"Barcella";1896.522;2801;NA;0.59;0.04;"M:5:V"
283;"Beckars";526.153;2436;0.3;0.08;0.08;"M:8:V"
993;"Granera";344.691;2464;0.2;0.17;0.04;"M:5:V"
3172;"Khanquest";1223.448;4287;0.7;0.73;0.39;"K:3:V"
1206;"Ipava";279.78;3156;0.3;0.27;0.05;"M:3:V"
60;"Aldertaine";196.206;3134;0.4;0.29;0.08;"M:1:V"
1762;"Morrill";397.281;3359;0.3;0.25;0.02;"M:0:V"
1358;"Kirbyville";509.729;5672;1;1.11;1.31;"G:2:V"
999;"Great Gorge";560.312;4431;0.7;0.91;0.31;"K:2:V"
1909;"Numenor";303.528;3940;0.7;0.83;0.16;"K:5:V"
211;"Augustine";88.379;3875;0.8;0.84;0.17;"K:6:V"
1577;"Mallory's World";111.558;2523;0.3;0.47;0.03;"M:8:V"
2821;"Zathras";399.333;2458;0.3;0.33;0.05;"M:5:V"
2355;"Skvorec";345.985;5466;1;1.1;1.04;"G:4:V"
2075;"Propus";184.226;3220;0.3;0.66;0.05;"M:0:V"
2620;"Ullieri";307.778;3081;0.2;0.12;0.01;"M:4:V"
2978;"León";1301.696;5232;0.9;1.03;0.82;"G:2:V"
668;"Dawn";376.42;2743;0.2;0.57;0.06;"M:2:V"
2664;"Vaucluse";522.596;2493;0.3;0.27;0.06;"M:2:V"
346;"Blue Hole";395.479;3045;0.1;0.38;0.06;"M:2:V"
3143;"Polybius";465.266;NA;0.7;0.89;0.24;"K:2:V"
811;"Eom";192.634;3922;0.5;0.94;0.44;"K:7:V"
135;"Angelsey";152.357;3039;0.4;0.23;0.07;"M:4:V"
132;"Anegasaki";222.267;2910;0.3;0.63;0.04;"M:5:V"
1211;"Irurzun";210.953;2536;0.3;0.26;0.03;"M:4:V"
1906;"Nuelson Minor";386.094;4470;0.6;0.81;0.48;"K:3:V"
2675;"Vereeniging";448.35;2996;0.3;0.7;0.07;"M:3:V"
3127;"Moroney";517.095;2735;NA;0.48;0.07;"M:1:V"
556;"Chupadero";442.645;4294;0.8;0.76;0.58;"K:5:V"
1164;"Hyperion";277.742;NA;0.1;0.35;0.02;"M:6:V"
536;"Chhaprauli";409.814;3088;0.2;0.52;0.05;"M:2:V"
1541;"Luxen";504.406;5406;0.9;1.15;0.73;"G:2:V"
1318;"Keeling";278.311;3777;0.6;0.96;0.26;"K:5:V"
1891;"Norman's World";483.994;4384;0.7;0.82;0.3;"K:4:V"
2796;"Yed Posterior";127.059;2532;0.1;0.16;0.06;"M:8:V"
1862;"Newton";318.878;5572;0.9;0.97;1.4;"G:2:V"
1275;"Kagoshima";324.645;2455;0.2;0.43;0.07;"M:4:V"
2793;"Yangtze";87.323;2520;0.4;0.15;0.08;"M:5:V"
1000;"Great X";341.879;3956;0.6;0.8;0.19;"K:0:V"
2907;"Independence";508.458;2507;0.2;0.65;0.07;"M:8:V"
877;"Fjaldr";414.097;2890;0.3;0.64;0.07;"M:1:V"
1413;"Krievci";320.018;4215;0.6;0.93;0.54;"K:5:V"
2971;"Project Sagitarius Umbrella";640.735;3880;0.6;0.81;0.44;"K:4:V"
779;"Ejeda";747.661;2457;0.2;0.38;0.03;"M:0:V"
2259;"Scheuerheck";360.357;NA;0.2;0.44;0.05;"M:0:V"
2826;"Zebebelgenubi";70.604;3312;0.1;0.69;0.07;"M:1:V"
2703;"Vortalcoy";491.941;2894;0.3;0.5;0.01;"M:2:V"
1787;"Nahoni";316.006;3466;0.4;0.31;0.04;"M:1:V"
2842;"Zlatousi";480.441;2526;0.4;0.65;0.04;"M:5:V"
783;"Elba";516.187;2676;0.1;0.13;0.02;"M:7:V"
180;"Armstrong";488.465;3091;0.1;0.53;0.07;"M:1:V"
2344;"Sinope";429.558;2606;0.4;0.37;0.07;"M:3:V"
477;"Carmacks";299.777;3202;0.1;0.4;0.04;"M:2:V"
1517;"Loric";233.599;4080;0.7;0.9;0.37;"K:5:V"
771;"Edmondson";353.987;2695;0.2;0.29;0.04;"M:6:V"
2256;"Scheat";173.645;2636;0.3;0.11;0.06;"M:5:V"
998;"Graz";251.101;2435;0.2;0.17;0.03;"M:1:V"
1678;"Menkib";149.445;5697;1;1.04;0.72;"G:2:V"
1148;"Huanghuadian";434.243;4980;0.5;0.87;0.39;"K:0:V"
1812;"New Abilene";456.224;2969;0.4;0.56;0.08;"M:5:V"
2882;"Albiero";387.205;2418;0.3;0.65;0.02;"M:5:V"
2439;"Sunnywood";405.398;3862;0.6;0.91;0.34;"K:7:V"
2502;"Taygeta";356.059;4585;0.7;0.74;0.36;"K:2:V"
3;"Abadan";118.958;2508;0.2;0.13;0.03;"M:5:V"
2519;"Tetschner";307.793;3234;0.2;0.22;0.04;"M:2:V"
90;"Alpheratz";525.519;2439;0.2;0.22;0.03;"M:7:V"
909;"Furillo";158.006;2694;0.4;0.33;0.03;"M:6:V"
1059;"Harpster";228.623;2633;0.3;0.13;0.02;"M:2:V"
913;"Gabenstad";530.542;3363;0.2;0.35;0.08;"M:1:V"
1552;"Macintosh";445.81;2693;0.4;0.35;0.06;"M:4:V"
249;"Bamburgh";622.487;5269;1;0.97;1.07;"G:5:V"
2591;"Trznadel Cluster";485.686;2621;0.2;0.21;0.04;"M:7:V"
253;"Bangor";391.755;3776;0.6;0.73;0.21;"K:2:V"
2590;"Truth";177.533;3341;0.1;0.66;0.05;"M:2:V"
1759;"Moritz";321.08;3717;0.7;0.74;0.32;"K:5:V"
636;"Cursa";352.409;3545;NA;0.46;0.07;"M:1:V"
643;"Cyrton";500.424;2614;0.3;0.41;0.06;"M:5:V"
1765;"Mosiro";288.201;3068;0.1;0.21;0.03;"M:3:V"
2167;"Rocky";29.822;2420;0.3;0.3;0.03;"M:1:V"
772;"Edwards";135.992;3332;0.2;0.39;0.07;"M:2:V"
267;"Basantapur";462.307;4119;0.6;0.72;0.6;"K:3:V"
1430;"Kwamashu";269.938;3917;0.5;0.75;0.17;"K:2:V"
1578;"Manapire";304.311;3123;0.4;0.62;0.04;"M:3:V"
317;"Bethonolog";404.338;NA;0.1;0.21;0.06;"M:5:V"
716;"Dì-fang";297.626;4331;0.7;0.87;0.31;"K:3:V"
1951;"Ormstown";479.676;2884;0.1;0.36;0.04;"M:5:V"
874;"Finsterwalde";290.373;2541;0.4;0.47;0.01;"M:3:V"
2792;"Yanchep";316.753;2453;0.2;0.37;0.05;"M:3:V"
776;"Eigerland";602.061;5821;1;1.06;1.06;"G:2:V"
3029;"Santiago";1000.343;2973;0.3;0.59;0.05;"M:3:V"
399;"Brocchi's Cluster";419.509;2449;0.4;0.17;0.05;"M:7:V"
882;"Fletcher";220.627;2581;0.1;0.15;0.03;"M:7:V"
1995;"Pattison";590.181;4398;NA;0.84;0.1;"K:2:V"
1755;"Mordialloc";343.245;2853;0.4;0.57;0.02;"M:3:V"
2941;"Foster";1733.744;3145;0.2;0.49;0.06;"M:3:V"
1254;"Joan's Post";565.66;3282;0.3;NA;0.02;"M:1:V"
2945;"Hector";1776.214;3006;0.1;0.29;0.03;"M:1:V"
926;"Galtor";207.431;2796;0.4;0.5;0.07;"M:0:V"
40;"Aggstein";299.133;2468;0.3;0.17;0.04;"M:0:V"
171;"Argyle";277.741;4036;0.6;0.95;0.08;"K:5:V"
2862;"Dersidatz";481.729;3701;0.5;0.92;0.45;"K:7:V"
3032;"Star Cluster P12";1309.703;2710;0.2;0.09;0.05;"M:5:V"
301;"Benfled";270.772;3292;0.4;0.42;0.04;"M:2:V"
1357;"Kinkaid";457.257;2899;0.4;0.38;0.02;"M:5:V"
1714;"Minette";484.203;4120;0.8;0.87;0.22;"K:2:V"
2910;"Manaringaine";518.937;2827;0.4;0.48;0.04;"M:1:V"
3076;"Tizga";1045.431;3282;0.4;0.45;0.03;"M:0:V"
277;"Baxter";116.922;3959;0.5;NA;0.47;"K:7:V"
81;"Alma Alta";261.38;2769;0.3;0.13;0.07;"M:3:V"
1124;"Hollabrunn";210.99;5800;0.9;1.11;0.63;"G:2:V"
557;"Ciampino";371.123;2824;0.2;0.69;0.03;"M:2:V"
361;"Bondurant";169.039;2616;0.3;0.58;0.05;"M:1:V"
904;"Fronde";251.67;2520;0.2;0.21;0.07;"M:1:V"
1772;"Muphrid";31.339;NA;0.2;0.43;0.06;"M:5:V"
2940;"Delios";1805.006;5451;0.9;1;0.84;"G:5:V"
2492;"Tarkio";317.42;3115;0.3;0.11;0.06;"M:4:V"
369;"Borgan's Rift";425.268;2573;0.4;0.43;0.07;"M:1:V"
1971;"Palladaine";287.995;3334;0.4;0.69;0.06;"M:2:V"
848;"Famdo";597.46;2539;0.3;0.31;0.04;"M:2:V"
1846;"New Roland";401.342;2585;0.3;0.51;0.03;"M:2:V"
126;"Ancha";83.676;2825;0.3;0.19;0.04;"M:0:V"
2976;"Galicia";1322.66;2611;0.1;0.42;0.06;"M:5:V"
2511;"Telos";59.605;5412;1;NA;1.46;"G:4:V"
2571;"Totness";686.633;4050;0.5;0.74;0.32;"K:2:V"
184;"Artru";498.275;4511;NA;0.84;0.35;"K:2:V"
1887;"Noisiel";342.071;3129;0.4;NA;0.07;"M:1:V"
2052;"Port Arthur";287.246;2417;0.4;0.22;0.05;"M:5:V"
969;"Glevakha";367.433;3859;0.5;0.9;0.4;"K:0:V"
2342;"Simpson Desert";289.177;5244;0.8;1.01;0.66;"G:5:V"
2510;"Tellman's Mistake";394.825;3854;0.8;0.72;0.53;"K:7:V"
378;"Bowang";353.084;4004;0.5;0.95;0.53;"K:2:V"
1697;"Mickleover";594.626;4118;0.5;0.77;0.35;"K:2:V"
2727;"Waunakee";317.772;3159;0.3;0.16;0.03;"M:2:V"
4;"Abagnar";493.649;2829;0.3;0.15;0.06;"M:5:V"
2556;"Tiskilwa";232.043;NA;0.5;0.94;0.42;"K:3:V"
2702;"Vorarlberg";304.652;2726;NA;NA;0.03;"M:6:V"
1752;"Monywa";438.588;5582;1;0.98;0.91;"G:4:V"
2546;"Timbiqui";338.95;2823;0.2;0.59;0.06;"M:4:V"
828;"Euclid";356.529;2489;0.3;0.07;0.04;"M:5:V"
2597;"Tsukude";121.063;2400;0.4;0.34;0.05;"M:0:V"
2108;"Ragusa";217.821;2740;0.3;0.64;0.01;"M:5:V"
1142;"Howrah";355.35;3403;0.3;0.2;0.08;"M:0:V"
755;"Durabon";522.547;2863;0.1;NA;0.06;"M:2:V"
2379;"Sorunda";139.055;3322;0.2;0.57;0.05;"M:2:V"
315;"Beten Kaitos";201.724;2740;0.2;0.11;0.03;"M:4:V"
3048;"Doggerbank";1033.575;2460;0.3;0.21;0.08;"M:1:V"
487;"Carver";21.423;2959;0.4;0.42;0.05;"M:2:V"
1921;"Odell";268.784;3846;0.6;0.8;0.13;"K:5:V"
464;"Capac";315.269;2458;0.2;0.37;0.07;"M:7:V"
787;"Elektrougli";216.119;2955;0.4;0.56;0.06;"M:3:V"
2816;"Zangul";419.935;5798;0.9;0.98;1.35;"G:2:V"
8;"Aberystwyth";434.937;3249;0.1;0.41;0.03;"M:3:V"
2601;"Turin";368.468;3781;0.7;0.91;0.54;"K:3:V"
1277;"Kaifeng";168.386;2520;0.4;0.41;0.03;"M:5:V"
2997;"Kampen";1170.539;2727;0.1;0.26;0.08;"M:3:V"
532;"Chennai";374.326;2473;0.3;0.26;0.04;"M:8:V"
697;"Desolate Plains";416.418;2547;0.1;0.53;0.03;"M:7:V"
1660;"Meilen";227.712;2565;0.1;0.57;0.06;"M:1:V"
1838;"New Kyoto";126.283;2642;0.2;0.54;0.05;"M:5:V"
207;"Aubisson";146.58;4484;0.7;0.71;0.3;"K:0:V"
1129;"Home";323.295;2500;0.2;0.18;0.07;"M:0:V"
1809;"Nerum";665.532;2541;0.3;0.67;0.05;"M:8:V"
2299;"Shawnee";556.766;3057;0.4;0.64;0.07;"M:0:V"
1729;"Miyazaki";77.149;4387;0.6;NA;0.47;"K:3:V"
1791;"Najha";214.127;2649;0.3;0.09;0.04;"M:2:V"
830;"Eustatius";499.237;4322;0.7;0.94;0.39;"K:3:V"
2247;"Sauk City";276.604;3748;0.7;0.94;0.11;"K:7:V"
819;"Errai";52.627;3108;0.2;0.7;0.01;"M:3:V"
2018;"Petrolia";316.046;2723;NA;0.48;0.03;"M:3:V"
264;"Baruun Urt";260.121;4608;0.7;0.83;0.3;"K:1:V"
2424;"Sturgis";422.565;2499;0.4;0.53;0.01;"M:7:V"
644;"Czarvowo";323.377;2447;0.4;0.51;0.02;"M:1:V"
1532;"Ludwig";179.422;3493;0.2;0.41;0.07;"M:0:V"
595;"Corbeanca";422.446;2837;0.1;0.62;0.06;"M:1:V"
898;"Frankson";587.803;3045;0.3;0.4;0.08;"M:1:V"
2004;"Pec";273.978;5459;0.9;1.13;0.62;"G:2:V"
3121;"Rim Worlds Republic Outpost #11";1635.14;2532;0.3;0.17;0.01;"M:3:V"
2644;"Valabhi";478.969;5462;0.8;1.05;1.15;"G:4:V"
3151;"Bellerophon";468.476;4220;0.7;0.95;0.39;"K:5:V"
348;"Blueys";670.64;2460;0.3;0.39;0.02;"M:5:V"
2830;"Zefri";545.24;4517;0.7;0.71;0.37;"K:2:V"
2272;"Seginus";103.55;2632;0.1;0.26;0.01;"M:2:V"
3040;"Trelleborg";927.031;2417;0.2;0.16;0.02;"M:1:V"
1015;"Guangzho";305.802;4326;0.8;0.95;0.39;"K:5:V"
917;"Galatea";63.663;4863;0.7;0.84;0.32;"K:1:V"
26;"Addicks";71.442;3193;0.3;0.38;0.04;"M:0:V"
1549;"Ma'anshan";475.076;4581;0.5;0.72;0.48;"K:2:V"
2581;"Trentham";462.809;3759;0.6;0.96;0.45;"K:5:V"
262;"Barstow";175.434;3701;NA;0.74;0.48;"K:5:V"
1807;"Nekkar";134.329;5550;1;1.14;1.21;"G:5:V"
2320;"Shirotori";190.552;5481;1;1;0.72;"G:5:V"
1373;"Klamriz";206.093;NA;0.5;0.95;0.5;"K:4:V"
2758;"Willunga";480.221;2630;0.2;0.34;0.05;"M:6:V"
16;"Accrington";145.319;3429;0.3;0.25;0.01;"M:1:V"
2996;"Kalmar";1193.507;2803;0.4;0.08;0.07;"M:3:V"
778;"Eion";377.699;2790;0.1;0.56;0.01;"M:3:V"
784;"Elbar";126.91;2449;0.4;0.24;0.07;"M:5:V"
2549;"Timkovichi";315.97;3502;0.2;0.46;0.05;"M:0:V"
445;"Calloway";207.871;2498;0.2;0.67;0.08;"M:7:V"
325;"Biham";80.662;2656;0.3;0.26;0.08;"M:5:V"
2401;"Star's End";440.098;2701;0.1;0.57;0.06;"M:3:V"
2059;"Prato";404.055;3912;0.5;0.86;0.2;"K:7:V"
252;"Banfora";363.172;2456;0.2;0.29;0.05;"M:8:V"
2532;"Thibodaux";576.214;2467;0.3;0.39;0.02;"M:8:V"
1953;"Osmus Saar";229.279;3252;0.4;0.24;0.04;"M:2:V"
2515;"Teniente";359.19;2707;0.1;0.08;0.04;"M:4:V"
1350;"Kilbourne";573.439;2486;0.1;0.55;0.06;"M:1:V"
2708;"Waddesdon";134.832;3785;0.5;0.79;0.08;"K:5:V"
516;"Chamdo";152.636;2906;0.4;NA;0.04;"M:3:V"
1736;"Mogyorod";433.593;2462;0.1;0.13;0.01;"M:3:V"
2281;"Sentarus";567.858;3042;0.4;0.2;0.07;"M:2:V"
1445;"Laiaka";114.298;2930;NA;0.26;0.07;"M:3:V"
2262;"Schmitt";527.197;5494;0.9;1.08;1.23;"G:3:V"
3153;"Cassilda";419.242;3229;0.3;0.43;0.03;"M:2:V"
3046;"Brundams";1928.754;3308;0.3;0.65;0.03;"M:2:V"
201;"Atocongo";298.92;3812;0.6;0.9;0.53;"K:2:V"
1008;"Grootfontein";143.209;2574;0.2;0.59;0.02;"M:5:V"
2738;"Weippe";441.667;4234;0.5;0.92;0.52;"K:1:V"
1885;"Nogales";347.017;2825;0.4;0.24;0.06;"M:1:V"
1814;"New Aragon";112.307;3946;0.6;0.77;0.26;"K:2:V"
635;"Curaumilla";351.204;3932;0.5;0.75;0.17;"K:2:V"
1082;"Helduza";588.518;4795;0.5;0.84;0.41;"K:2:V"
3008;"Visby";1098.304;5381;1;1.06;1.06;"G:4:V"
2814;"Zanbasa";557.47;3320;NA;0.7;0.02;"M:2:V"
834;"Everett";175.414;3334;0.2;0.38;0.05;"M:2:V"
261;"Barras";354.801;5573;0.9;1.11;0.98;"G:4:V"
3003;"Riga";1218.727;4417;0.6;0.93;0.1;"K:2:V"
715;"Dieudonné";79.556;4017;0.5;0.95;0.54;"K:3:V"
2972;"Aragon";1310.844;4260;0.6;0.75;0.45;"K:5:V"
1591;"Manksville";389.073;3813;0.8;0.8;0.27;"K:7:V"
235;"Badlands";550.708;3098;0.4;0.59;0.05;"M:2:V"
3136;"Hofn";810.982;2502;0.1;0.6;0.04;"M:4:V"
242;"Baliggora";610.608;2631;0.2;0.55;0.06;"M:5:V"
2748;"Westerstede";268.316;5377;0.9;1.12;0.96;"G:2:V"
2297;"Shaun";332.358;3070;0.3;0.31;0.06;"M:1:V"
1548;"Lywick";552.55;2709;0.4;0.51;0.07;"M:1:V"
552;"Choudrant";340.676;2660;0.2;0.36;0.05;"M:7:V"
485;"Carstairs";159.166;2455;0.2;NA;0.06;"M:0:V"
1989;"Parma";363.588;5419;1;1.12;0.93;"G:4:V"
203;"Atreus Prime";437.492;2911;0.4;0.42;0.06;"M:3:V"
609;"Coudoux";423.261;4517;0.5;0.78;0.42;"K:2:V"
3093;"T Cephei";690.617;2979;0.3;0.44;0.05;"M:3:V"
1657;"Megiddo";613.31;3263;0.3;0.17;0.03;"M:1:V"
2356;"Skye";76.743;2973;0.2;0.6;0.08;"M:2:V"
2558;"Togura";271.847;2515;0.4;0.25;0.02;"M:1:V"
768;"Echo";468.229;2497;0.2;0.63;0.01;"M:6:V"
2756;"Wilkes";346.179;2825;0.2;0.37;0.05;"M:5:V"
520;"Chapineria";488.922;3038;NA;0.68;0.06;"M:1:V"
2319;"Shiro";293.99;3116;0.4;0.63;0.07;"M:1:V"
1448;"Lamu";239.315;2707;0.4;0.36;0.07;"M:3:V"
901;"Freedom";125.455;2955;0.3;0.68;0.05;"M:3:V"
1240;"Jatznik";357.779;2948;0.3;0.26;0.03;"M:2:V"
1075;"Hecheng";425.815;2649;0.3;0.41;0.06;"M:6:V"
3017;"Attenbrooks";988.69;3215;0.4;0.61;0.04;"M:2:V"
431;"Cahokia";297.799;5290;0.9;1.1;1.32;"G:4:V"
2651;"Valloire";386.165;3407;0.4;0.2;0.04;"M:2:V"
2813;"Zambezi";431.563;3058;0.4;0.4;0.06;"M:2:V"
2233;"Saonara";357.058;2808;0.4;NA;0.08;"M:6:V"
288;"Beils";245.582;3809;NA;0.88;0.51;"K:2:V"
1853;"New Sumatra";153.524;2821;0.2;0.19;0.01;"M:6:V"
554;"Christiania";366.425;2978;0.2;0.57;0.02;"M:3:V"
416;"Buena";402.015;3104;0.3;0.22;0.05;"M:4:V"
1511;"Lokoja";576.824;2443;0.1;0.12;0.07;"M:0:V"
321;"Bharat";72.17;2662;0.2;0.56;0.07;"M:5:V"
2529;"Thermopolis";223.109;3819;0.5;0.89;0.12;"K:6:V"
777;"Eilenburg";221.087;3284;0.3;0.61;0.02;"M:2:V"
2097;"Quimper";338.27;4078;0.6;0.8;0.47;"K:3:V"
124;"Anaheim";432.199;2407;0.3;0.63;0.07;"M:4:V"
562;"Cirebon";301.512;3918;0.6;0.73;0.26;"K:6:V"
2881;"Aea";453.838;2503;0.4;0.46;0.01;"M:1:V"
1435;"La Blon";79.491;3006;0.2;0.64;0.04;"M:3:V"
2548;"Timehri";395.6;3087;0.2;NA;0.05;"M:3:V"
254;"Bannerhoft";620.134;3297;0.2;0.59;0.06;"M:2:V"
2420;"Stratford";527.715;2773;NA;0.63;0.02;"M:2:V"
2923;"Sonnia";130.475;2414;0.4;0.39;0.01;"M:3:V"
918;"Galatia";91.836;3033;0.2;0.37;0.05;"M:3:V"
1689;"Merton";411.152;3379;0.1;0.13;0.02;"M:0:V"
1249;"Jesenice";438.084;3362;0.3;0.27;0.06;"M:1:V"
900;"Fredotto";587.427;3004;NA;0.45;0.08;"M:3:V"
1491;"Linden";782.786;5053;0.5;0.76;0.5;"K:0:V"
2114;"Ramgarh";451.79;4843;0.5;0.83;0.28;"K:0:V"
2563;"Tomans";228.019;2445;0.2;0.27;0.01;"M:1:V"
164;"Arcadia";268.762;NA;0.1;0.25;0.02;"M:2:V"
2653;"Valois";612.48;2523;0.3;0.11;0.02;"M:5:V"
2082;"Puttalam";759.525;NA;0.4;0.08;0.04;"M:4:V"
2640;"Vaajakoski";197.836;2836;0.2;0.52;0.04;"M:3:V"
3006;"Thorn";1021.786;3918;0.8;0.78;0.45;"K:5:V"
1234;"Jápminboddu";555.547;4011;0.6;0.8;0.54;"K:7:V"
2432;"Sullivan";414.234;4164;0.6;0.7;0.43;"K:5:V"
324;"Biegga";426.852;2764;0.2;0.1;0.08;"M:3:V"
3010;"Chaine Cluster";615.431;NA;0.2;0.55;0.03;"M:5:V"
1937;"Oligar";285.327;2871;0.4;0.46;0.03;"M:5:V"
2453;"Sylvan";423.158;2530;0.2;0.67;0.01;"M:2:V"
3087;"Rover";849.002;2428;NA;0.24;0.03;"M:5:V"
1556;"MacLeod's Land";422.64;2649;0.3;0.68;0.04;"M:2:V"
892;"Foot Fall";144.984;4666;0.6;0.91;0.38;"K:0:V"
3170;"Hallelujah";1177.918;2463;0.3;0.68;0.02;"M:5:V"
1698;"Midale";408.778;2963;0.2;0.12;0.04;"M:3:V"
1409;"Kowloon";469.383;3756;0.6;0.78;0.23;"K:3:V"
466;"Caph";12.929;2593;0.4;0.58;0.02;"M:7:V"
632;"Culmia";594.969;5266;0.9;1;0.75;"G:3:V"
2266;"Scituate";236.889;2669;0.2;0.11;0.02;"M:4:V"
1362;"Kirkenlaard";201.043;2427;0.3;0.41;0.08;"M:5:V"
1998;"Paulus Prime";485.685;4374;0.5;0.84;0.37;"K:4:V"
2054;"Port Vail";546.183;4809;0.7;0.75;0.18;"K:2:V"
1443;"Laconis";421.364;4014;0.8;0.91;0.55;"K:7:V"
2404;"Steelton";435.374;2965;0.3;0.47;0.05;"M:2:V"
1355;"Kimi";413.929;5460;1;1.07;0.73;"G:4:V"
701;"Devin";351.772;2621;0.2;0.08;0.02;"M:2:V"
374;"Bothwell";483.17;5244;0.8;1.1;1.35;"G:5:V"
390;"Breukelen";166.583;2754;0.4;0.67;0.07;"M:5:V"
814;"Epsilon Indi";33.089;3080;0.2;0.08;0.06;"M:2:V"
2117;"Ramsau";222.518;3181;0.3;0.12;0.06;"M:3:V"
2567;"Tormentine";412.22;2576;0.4;0.21;0.05;"M:6:V"
337;"Black Earth";433.006;2439;NA;0.61;0.03;"M:2:V"
482;"Carnwath";103.787;3932;0.5;0.83;0.17;"K:6:V"
615;"Coyle";659.147;2731;0.4;0.59;0.01;"M:5:V"
2974;"Castile";1288.895;5422;1;1.11;1.18;"G:2:V"
1605;"Marduk";216.782;2823;0.1;0.43;0.05;"M:5:V"
178;"Armaxa";231.722;2467;0.1;0.57;0.08;"M:8:V"
1572;"Malagrotta";506.747;2807;0.4;0.28;0.01;"M:5:V"
2799;"Yidtall";480.298;NA;0.2;0.36;0.06;"M:1:V"
628;"Cruz Alta";437.402;2784;0.3;0.46;0.03;"M:2:V"
2607;"Tuscarawas";402.26;3995;0.5;0.94;0.2;"K:7:V"
2480;"Tangua";410.358;3760;0.7;0.76;0.24;"K:5:V"
2188;"Rudolpho";556.476;2608;0.2;0.19;0.04;"M:4:V"
905;"Fuentes";162.61;NA;0.5;0.96;0.31;"K:6:V"
66;"Alfirk";743.454;3478;0.4;0.5;0.04;"M:1:V"
56;"Alchiba";67.755;3997;0.7;0.86;0.21;"K:3:V"
1625;"Matheran";182.637;2929;0.2;0.34;0.02;"M:0:V"
878;"Fjernet";468.304;2406;0.4;0.33;0.05;"M:7:V"
3001;"Lynn";1024.177;3256;0.4;0.35;0.02;"M:1:V"
2126;"Redfield";254.73;3527;0.3;0.23;0.01;"M:1:V"
3167;"Fell Wind";1301.092;3145;0.3;0.26;0.08;"M:2:V"
732;"Donenac";219.159;5392;1;1.09;0.76;"G:2:V"
2411;"Sterope";484.401;2906;0.3;0.29;0.04;"M:5:V"
1682;"Merdal";401.368;3249;0.3;0.15;0.07;"M:2:V"
2697;"Virtue";408.863;2423;0.4;0.22;0.06;"M:8:V"
2194;"Ryerson";330.319;3987;0.7;0.89;0.56;"K:3:V"
807;"Enkoping";171.594;3489;0.2;0.56;0.05;"M:1:V"
179;"Armington";518.984;5428;1;0.98;1.5;"G:3:V"
2377;"Sornath";684.636;4031;0.6;0.83;0.45;"K:7:V"
2659;"Vanra";170.201;3399;0.2;0.1;0.06;"M:0:V"
1261;"Jorvikland";372.77;2615;0.4;0.52;0.07;"M:5:V"
2823;"Zavijava";31.804;4599;0.8;0.74;0.36;"K:2:V"
1774;"Muridox";396.698;2766;0.1;0.18;0.06;"M:2:V"
181;"Arn";421.04;3971;0.6;0.77;0.28;"K:2:V"
2672;"Verde";350.217;NA;0.7;0.72;0.27;"K:0:V"
1694;"Miaplacidus";84.576;2893;0.1;0.61;0.08;"M:4:V"
896;"Fortymile";288.82;2404;0.3;0.19;0.05;"M:8:V"
3140;"Lamar";267.085;3201;0.2;0.43;0.04;"M:2:V"
1487;"Lhasa";188.792;4349;0.6;0.81;0.42;"K:1:V"
880;"Flaum";453.727;4856;0.6;0.9;0.46;"K:2:V"
3019;"Cambridge Perimeter Defense Station";707.908;2428;0.1;0.57;0.07;"M:8:V"
449;"Camadeierre";456.738;4123;0.5;0.73;0.3;"K:2:V"
2894;"Dante";462.311;2500;0.1;0.39;0.07;"M:3:V"
2966;"Tokasha";1731.797;2855;0.1;0.56;0.03;"M:5:V"
454;"Camlann";165.621;2638;0.4;0.54;0.06;"M:7:V"
1062;"Hartshill";520.448;3348;0.2;0.07;0.03;"M:2:V"
2169;"Rohinjan";358.106;2584;0.3;0.37;0.05;"M:3:V"
375;"Bougie";549.755;5249;0.9;1.03;1.46;"G:2:V"
521;"Chapultepec";419.233;2874;0.2;NA;0.03;"M:1:V"
721;"Dirkel";533.914;4141;0.7;0.87;0.11;"K:3:V"
460;"Candiear";466.233;2801;0.2;NA;0.04;"M:5:V"
733;"Doneval";198.973;2640;0.3;0.12;0.06;"M:4:V"
1389;"Köln";215.022;2820;0.3;0.5;0.02;"M:2:V"
2723;"Warrumbungle";275.376;3064;0.4;0.46;0.06;"M:3:V"
2045;"Pojos";386.641;4154;0.7;0.78;0.43;"K:2:V"
511;"Chaffee";126.066;3921;0.5;NA;0.21;"K:2:V"
2678;"Versailles";222.488;3962;0.6;0.79;0.12;"K:2:V"
2861;"Ballalaba";534.599;3539;0.3;0.51;0.07;"M:1:V"
339;"Blackstone";489.457;3277;0.2;0.54;0.06;"M:2:V"
3047;"Caesar's Crown";665.716;4306;0.6;NA;0.51;"K:2:V"
2418;"Stotzing";402.537;5574;1;1.11;1.48;"G:2:V"
583;"Conakry";342.513;2760;0.1;0.36;0.07;"M:6:V"
1686;"Merope";387.431;2650;0.1;0.15;0.02;"M:2:V"
2077;"Protection";451.875;3801;NA;0.73;0.58;"K:3:V"
2587;"Trolloc Prime";174.345;4481;0.6;0.86;0.2;"K:3:V"
1567;"Maison";351.586;NA;0.8;0.81;0.13;"K:5:V"
2036;"Planting";368.636;NA;0.1;0.29;0.06;"M:1:V"
1881;"No Return";186.091;NA;1;1.06;0.65;"G:5:V"
795;"Elnath";128.562;2863;0.2;0.49;0.07;"M:5:V"
910;"Furud";285.24;2464;0.3;0.36;0.02;"M:8:V"
2370;"Sol";0;2984;0.3;0.2;0.01;"M:2:V"
3085;"Rim Worlds Republic Outpost #4";1773.572;3223;0.4;0.28;0.07;"M:2:V"
1107;"Hibuarius";412.56;4044;0.6;NA;0.48;"K:2:V"
2339;"Simancas";417.603;2549;0.3;0.3;0.06;"M:2:V"
379;"Braben's Frontier";616.108;3289;0.3;0.21;0.03;"M:1:V"
863;"Ferrara";321.097;2557;0.2;0.35;0.05;"M:2:V"
2076;"Proserpina";161.889;5682;0.8;1.06;1.12;"G:2:V"
1963;"Outreach";34.827;4193;0.6;0.72;0.42;"K:3:V"
2943;"Glory";1838.239;2443;0.2;0.64;0.06;"M:7:V"
2251;"Savinsville";383.41;4535;0.5;0.84;0.37;"K:0:V"
2290;"Shalaine";544.863;3361;0.3;0.13;0.03;"M:1:V"
2085;"Qandahar";478.908;2917;0.1;0.32;0.08;"M:2:V"
782;"El Kerak";375.541;2515;0.3;0.27;0.05;"M:8:V"
88;"Alphard";83.559;4102;0.6;0.72;0.28;"K:5:V"
1246;"Jeppens";600.4;3731;0.7;0.89;0.46;"K:3:V"
1510;"Loikaw";755.668;3733;0.6;0.87;0.37;"K:6:V"
2999;"Köningsberg";1228.04;5432;0.9;0.97;0.67;"G:5:V"
240;"Baker 3";340.52;3452;0.4;0.17;0.02;"M:1:V"
1673;"Menion";436.558;3308;0.2;0.5;0.06;"M:2:V"
2436;"Sumy";291.709;3780;0.6;0.9;0.56;"K:6:V"
2452;"Sweet Water";487.386;2832;0.3;0.5;0.08;"M:5:V"
212;"Auldhouse";148.251;2563;0.3;0.24;0.06;"M:5:V"
2533;"Thimphu";449.619;3113;0.3;0.58;0.05;"M:3:V"
1617;"Marodzi";400.898;2921;0.2;0.68;0.06;"M:5:V"
1702;"Millerton";446.355;NA;0.4;0.38;0.02;"M:8:V"
2101;"Quittacas";270.647;3005;0.3;0.57;0.01;"M:4:V"
459;"Canal";486.867;5366;1;1.05;0.75;"G:2:V"
59;"Aldebaran";69.028;3767;0.6;0.8;0.55;"K:6:V"
2469;"Talitha";48.665;4374;0.6;0.91;0.35;"K:3:V"
2315;"Shipka";136.617;4013;0.7;0.91;0.15;"K:5:V"
234;"Bad News";465.136;3906;0.5;0.87;0.12;"K:6:V"
1849;"New Sapporo";533.851;4069;0.6;0.84;0.15;"K:2:V"
3060;"St. Andreas";687.948;2470;0.1;0.09;0.01;"M:5:V"
1121;"Hoensbroek";502.638;3703;0.6;0.7;0.46;"K:2:V"
1255;"Jodipur";475.603;4288;0.5;0.95;0.35;"K:4:V"
182;"Arnaudville";584.809;2595;0.3;0.44;0.04;"M:6:V"
2068;"Principia";357.85;2986;0.2;0.39;0.05;"M:1:V"
7;"Abejorral";325.319;2641;0.2;0.63;0.06;"M:2:V"
2985;"Bremen";1131.231;3202;NA;0.25;0.02;"M:2:V"
486;"Cartago";140.202;3734;0.5;0.83;0.27;"K:6:V"
2750;"Westover";370.149;2948;0.1;NA;0.03;"M:4:V"
2979;"Navarre";1351.008;3288;NA;0.26;0.03;"M:2:V"
1269;"June";484.247;3188;0.1;0.34;0.03;"M:2:V"
1190;"Ina";438.829;3831;0.8;0.92;0.24;"K:7:V"
1439;"Labrea";353.792;3341;0.2;0.68;0.08;"M:2:V"
2686;"Vihtijarvi";383.541;2445;0.4;0.6;0.04;"M:5:V"
806;"Enif";517.167;3090;0.4;0.19;0.03;"M:2:V"
2552;"Tirabad";516.701;4003;0.7;0.79;0.1;"K:6:V"
3122;"Saggina";2093.491;4085;0.5;0.89;0.32;"K:4:V"
2614;"Ueda";208.408;2493;0.1;0.66;0.01;"M:7:V"
1137;"Horsham";387.483;3250;0.3;0.16;0.03;"M:2:V"
650;"Dalian";273.422;2652;0.2;0.12;0.08;"M:2:V"
2886;"Cadiz";536.139;2680;0.3;0.45;0.07;"M:1:V"
2545;"Tikonov";111.166;2558;0.2;0.47;0.05;"M:5:V"
3089;"Star Cluster 1108";1988.435;3276;0.2;0.58;0.05;"M:2:V"
407;"Bruben";388.51;2978;0.3;0.2;0.05;"M:0:V"
2905;"Hellespont";563.994;3765;0.5;0.85;0.52;"K:6:V"
3071;"Nyamlell";1011.133;3245;0.1;0.29;0.03;"M:1:V"
401;"Brockway";417.507;3555;0.3;0.17;0.06;"M:1:V"
1612;"Maritgues";233.909;2434;0.4;0.41;0.02;"M:4:V"
1763;"Morthac";475.834;2537;0.4;0.17;0.07;"M:6:V"
1418;"Kublenz";506.609;2747;0.2;0.65;0.04;"M:6:V"
1803;"Necedah";353.968;4279;0.5;0.82;0.28;"K:2:V"
3067;"Kebili";969.362;4316;0.6;0.77;0.52;"K:5:V"
2869;"Lordinax";500.631;2503;0.4;0.37;0.05;"M:4:V"
409;"Brusett";409.833;3008;0.4;0.48;0.05;"M:3:V"
2695;"Viribium";392.756;2653;0.4;0.61;0.03;"M:1:V"
1225;"Jaboatao";525.95;2723;0.2;0.59;0.03;"M:2:V"
2095;"Quilino";358.63;2689;0.2;0.35;0.03;"M:3:V"
338;"Blackjack";396.772;2412;0.2;0.36;0.05;"M:6:V"
2470;"Tall Trees";66.747;2832;0.3;0.47;0.04;"M:3:V"
1897;"Nouasseur";438.41;4529;0.5;0.82;0.33;"K:0:V"
1159;"Hustaing";251.749;4220;0.5;0.72;0.4;"K:3:V"
1007;"Gronholt";534.209;2681;0.3;0.55;0.06;"M:3:V"
2906;"Hope";709.894;3007;0.1;0.39;0.06;"M:1:V"
2329;"Sidon";500.214;4105;0.5;0.8;0.33;"K:6:V"
563;"Claxton";264.639;NA;0.2;0.56;0.03;"M:5:V"
